,ROUGE-1,ROUGE-2,ROUGE-L
TextRank,35.45055934808179,15.7098424887346,24.352289509616483
