,exact_match,f1,n_samples
DistilBERT,78.0,85.55714285714286,100.0
BERT-large,79.0,85.58492063492064,100.0
RoBERTa,85.0,92.26825396825397,100.0
