n_topics,coherence
2,0.30100621596327526
3,0.45207686224098315
4,0.504936325852366
5,0.4825471766943236
6,0.5213784614067939
7,0.49488808180573995
8,0.5195778302666851
